cloudy-blue cloudy
cloudy-blue blue
dark-pastel-green dark
dark-pastel-green pas
dark-pastel-green tel
dark-pastel-green green
dust dust
electric-lime elec
electric-lime tric
electric-lime lime
fresh-green fresh
fresh-green green
light-eggplant light
light-eggplant egg
light-eggplant plant
nasty-green nasty
nasty-green green
really-light-blue re
really-light-blue ally
really-light-blue light
really-light-blue blue
tea tea
warm-purple warm
warm-purple pur
warm-purple ple
yellowish-tan yel
yellowish-tan low
yellowish-tan ish
yellowish-tan tan
cement ce
cement ment
dark-grass-green dark
dark-grass-green grass
dark-grass-green green
dusty-teal dusty
dusty-teal teal
grey-teal grey
grey-teal teal
macaroni-and-cheese mac
macaroni-and-cheese a
macaroni-and-cheese roni
macaroni-and-cheese and
macaroni-and-cheese cheese
pinkish-tan pink
pinkish-tan ish
pinkish-tan tan
spruce spruce
strong-blue strong
strong-blue blue
toxic-green toxic
toxic-green green
windows-blue win
windows-blue dows
windows-blue blue
blue-blue blue
blue-blue blue
blue-with-a-hint-of-purple blue
blue-with-a-hint-of-purple with
blue-with-a-hint-of-purple a
blue-with-a-hint-of-purple hint
blue-with-a-hint-of-purple of
blue-with-a-hint-of-purple pur
blue-with-a-hint-of-purple ple
booger booger
bright-sea-green bright
bright-sea-green sea
bright-sea-green green
dark-green-blue dark
dark-green-blue green
dark-green-blue blue
deep-turquoise deep
deep-turquoise turquoise
green-teal green
green-teal teal
strong-pink strong
strong-pink pink
bland bland
deep-aqua deep
deep-aqua aqua
lavender-pink laven
lavender-pink der
lavender-pink pink
light-moss-green light
light-moss-green moss
light-moss-green green
light-seafoam-green light
light-seafoam-green seafoam
light-seafoam-green green
olive-yellow olive
olive-yellow yel
olive-yellow low
pig-pink pig
pig-pink pink
deep-lilac deep
deep-lilac lilac
desert desert
dusty-lavender dusty
dusty-lavender laven
dusty-lavender der
purpley-grey pur
purpley-grey p
purpley-grey ley
purpley-grey grey
purply pur
purply ply
candy-pink candy
candy-pink pink
light-pastel-green light
light-pastel-green pas
light-pastel-green tel
light-pastel-green green
boring-green bor
boring-green ing
boring-green green
kiwi-green kiwi
kiwi-green green
light-grey-green light
light-grey-green grey
light-grey-green green
orange-pink or
orange-pink ange
orange-pink pink
tea-green tea
tea-green green
very-light-brown very
very-light-brown light
very-light-brown brown
egg-shell egg
egg-shell shell
eggplant-purple egg
eggplant-purple plant
eggplant-purple pur
eggplant-purple ple
powder-pink pow
powder-pink der
powder-pink pink
reddish-grey red
reddish-grey dish
reddish-grey grey
baby-shit-brown baby
baby-shit-brown shit
baby-shit-brown brown
liliac lil
liliac iac
stormy-blue stormy
stormy-blue blue
ugly-brown ugly
ugly-brown brown
custard cus
custard tard
darkish-pink dark
darkish-pink ish
darkish-pink pink
deep-brown deep
deep-brown brown
greenish-beige green
greenish-beige ish
greenish-beige beige
manilla manilla
off-blue off
off-blue blue
battleship-grey bat
battleship-grey tle
battleship-grey ship
battleship-grey grey
browny-green browny
browny-green green
bruise bruise
kelley-green kel
kelley-green ley
kelley-green green
sickly-yellow sickly
sickly-yellow yel
sickly-yellow low
sunny-yellow sunny
sunny-yellow yel
sunny-yellow low
azul azul
darkgreen dark
darkgreen green
green/yellow green/yel
green/yellow low
lichen lichen
light-light-green light
light-light-green light
light-light-green green
pale-gold pale
pale-gold gold
sun-yellow sun
sun-yellow yel
sun-yellow low
tan-green tan
tan-green green
burple bur
burple ple
butterscotch but
butterscotch ter
butterscotch scotch
toupe toupe
dark-cream dark
dark-cream cream
indian-red in
indian-red dian
indian-red red
light-lavendar light
light-lavendar laven
light-lavendar dar
poison-green poi
poison-green son
poison-green green
baby-puke-green baby
baby-puke-green puke
baby-puke-green green
bright-yellow-green bright
bright-yellow-green yel
bright-yellow-green low
bright-yellow-green green
charcoal-grey char
charcoal-grey coal
charcoal-grey grey
squash squash
cinnamon cin
cinnamon na
cinnamon mon
light-pea-green light
light-pea-green pea
light-pea-green green
radioactive-green ra
radioactive-green dioac
radioactive-green tive
radioactive-green green
raw-sienna raw
raw-sienna si
raw-sienna enna
baby-purple baby
baby-purple pur
baby-purple ple
cocoa co
cocoa coa
light-royal-blue light
light-royal-blue royal
light-royal-blue blue
orangeish or
orangeish angeish
rust-brown rust
rust-brown brown
sand-brown sand
sand-brown brown
swamp swamp
tealish-green teal
tealish-green ish
tealish-green green
burnt-siena burnt
burnt-siena siena
camo camo
dusk-blue dusk
dusk-blue blue
fern fern
old-rose old
old-rose rose
pale-light-green pale
pale-light-green light
pale-light-green green
peachy-pink peachy
peachy-pink pink
rosy-pink rosy
rosy-pink pink
light-bluish-green light
light-bluish-green bluish
light-bluish-green green
light-bright-green light
light-bright-green bright
light-bright-green green
light-neon-green light
light-neon-green neon
light-neon-green green
light-seafoam light
light-seafoam seafoam
tiffany-blue tiffany
tiffany-blue blue
washed-out-green washed
washed-out-green out
washed-out-green green
browny-orange browny
browny-orange or
browny-orange ange
nice-blue nice
nice-blue blue
sapphire sap
sapphire phire
greyish-teal grey
greyish-teal ish
greyish-teal teal
orangey-yellow or
orangey-yellow angey
orangey-yellow yel
orangey-yellow low
parchment parch
parchment ment
straw straw
very-dark-brown very
very-dark-brown dark
very-dark-brown brown
terracota ter
terracota ra
terracota cota
ugly-blue ugly
ugly-blue blue
clear-blue clear
clear-blue blue
creme creme
foam-green foam
foam-green green
grey/green grey/green
light-gold light
light-gold gold
seafoam-blue seafoam
seafoam-blue blue
topaz topaz
violet-pink vi
violet-pink o
violet-pink let
violet-pink pink
wintergreen win
wintergreen ter
wintergreen green
yellow-tan yel
yellow-tan low
yellow-tan tan
dark-fuchsia dark
dark-fuchsia fuch
dark-fuchsia sia
indigo-blue in
indigo-blue digo
indigo-blue blue
light-yellowish-green light
light-yellowish-green yel
light-yellowish-green low
light-yellowish-green ish
light-yellowish-green green
pale-magenta pale
pale-magenta ma
pale-magenta genta
rich-purple rich
rich-purple pur
rich-purple ple
sunflower-yellow sun
sunflower-yellow flower
sunflower-yellow yel
sunflower-yellow low
green/blue green/blue
leather leather
racing-green rac
racing-green ing
racing-green green
vivid-purple vivid
vivid-purple pur
vivid-purple ple
dark-royal-blue dark
dark-royal-blue royal
dark-royal-blue blue
hazel hazel
muted-pink muted
muted-pink pink
booger-green booger
booger-green green
canary ca
canary nary
cool-grey cool
cool-grey grey
dark-taupe dark
dark-taupe taupe
darkish-purple dark
darkish-purple ish
darkish-purple pur
darkish-purple ple
true-green true
true-green green
coral-pink coral
coral-pink pink
dark-sage dark
dark-sage sage
dark-slate-blue dark
dark-slate-blue slate
dark-slate-blue blue
flat-blue flat
flat-blue blue
mushroom mush
mushroom room
rich-blue rich
rich-blue blue
dirty-purple dirty
dirty-purple pur
dirty-purple ple
greenblue green
greenblue blue
icky-green icky
icky-green green
light-khaki light
light-khaki khaki
warm-blue warm
warm-blue blue
dark-hot-pink dark
dark-hot-pink hot
dark-hot-pink pink
deep-sea-blue deep
deep-sea-blue sea
deep-sea-blue blue
carmine carmine
dark-yellow-green dark
dark-yellow-green yel
dark-yellow-green low
dark-yellow-green green
pale-peach pale
pale-peach peach
plum-purple plum
plum-purple pur
plum-purple ple
golden-rod golden
golden-rod rod
neon-red neon
neon-red red
old-pink old
old-pink pink
very-pale-blue very
very-pale-blue pale
very-pale-blue blue
blood-orange blood
blood-orange or
blood-orange ange
grapefruit grape
grapefruit fruit
sand-yellow sand
sand-yellow yel
sand-yellow low
clay-brown clay
clay-brown brown
dark-blue-grey dark
dark-blue-grey blue
dark-blue-grey grey
flat-green flat
flat-green green
light-green-blue light
light-green-blue green
light-green-blue blue
warm-pink warm
warm-pink pink
dodger-blue dodger
dodger-blue blue
gross-green gross
gross-green green
ice ice
metallic-blue metal
metallic-blue lic
metallic-blue blue
pale-salmon pale
pale-salmon salmon
sap-green sap
sap-green green
algae al
algae gae
bluey-grey bluey
bluey-grey grey
greeny-grey greeny
greeny-grey grey
highlighter-green high
highlighter-green lighter
highlighter-green green
light-light-blue light
light-light-blue light
light-light-blue blue
light-mint light
light-mint mint
raw-umber raw
raw-umber um
raw-umber ber
vivid-blue vivid
vivid-blue blue
deep-lavender deep
deep-lavender laven
deep-lavender der
dull-teal dull
dull-teal teal
light-greenish-blue light
light-greenish-blue green
light-greenish-blue ish
light-greenish-blue blue
mud-green mud
mud-green green
pinky pinky
red-wine red
red-wine wine
shit-green shit
shit-green green
tan-brown tan
tan-brown brown
darkblue dark
darkblue blue
rosa rosa
lipstick lip
lipstick stick
pale-mauve pale
pale-mauve mauve
claret claret
dandelion dan
dandelion de
dandelion lion
orangered or
orangered an
orangered gered
poop-green poop
poop-green green
ruby ruby
dark dark
greenish-turquoise green
greenish-turquoise ish
greenish-turquoise turquoise
pastel-red pas
pastel-red tel
pastel-red red
piss-yellow piss
piss-yellow yel
piss-yellow low
bright-cyan bright
bright-cyan cyan
dark-coral dark
dark-coral coral
algae-green al
algae-green gae
algae-green green
darkish-red dark
darkish-red ish
darkish-red red
reddy-brown reddy
reddy-brown brown
blush-pink blush
blush-pink pink
camouflage-green cam
camouflage-green ou
camouflage-green flage
camouflage-green green
lawn-green lawn
lawn-green green
putty putty
vibrant-blue vi
vibrant-blue brant
vibrant-blue blue
dark-sand dark
dark-sand sand
purple/blue pur
purple/blue ple/blue
saffron saf
saffron fron
twilight twi
twilight light
warm-brown warm
warm-brown brown
bluegrey blue
bluegrey grey
bubble-gum-pink bub
bubble-gum-pink ble
bubble-gum-pink gum
bubble-gum-pink pink
duck-egg-blue duck
duck-egg-blue egg
duck-egg-blue blue
greenish-cyan green
greenish-cyan ish
greenish-cyan cyan
petrol petrol
royal royal
butter but
butter ter
dusty-orange dusty
dusty-orange or
dusty-orange ange
off-yellow off
off-yellow yel
off-yellow low
pale-olive-green pale
pale-olive-green olive
pale-olive-green green
orangish orangish
leaf leaf
light-blue-grey light
light-blue-grey blue
light-blue-grey grey
dried-blood dried
dried-blood blood
lightish-purple light
lightish-purple ish
lightish-purple pur
lightish-purple ple
rusty-red rusty
rusty-red red
lavender-blue laven
lavender-blue der
lavender-blue blue
light-grass-green light
light-grass-green grass
light-grass-green green
light-mint-green light
light-mint-green mint
light-mint-green green
sunflower sun
sunflower flower
velvet vel
velvet vet
brick-orange brick
brick-orange or
brick-orange ange
lightish-red light
lightish-red ish
lightish-red red
pure-blue pure
pure-blue blue
twilight-blue twi
twilight-blue light
twilight-blue blue
violet-red vi
violet-red o
violet-red let
violet-red red
yellowy-brown yel
yellowy-brown lowy
yellowy-brown brown
carnation car
carnation na
carnation tion
muddy-yellow muddy
muddy-yellow yel
muddy-yellow low
dark-seafoam-green dark
dark-seafoam-green seafoam
dark-seafoam-green green
deep-rose deep
deep-rose rose
dusty-red dusty
dusty-red red
grey/blue grey/blue
lemon-lime lemon
lemon-lime lime
purple/pink pur
purple/pink ple/pink
brown-yellow brown
brown-yellow yel
brown-yellow low
purple-brown pur
purple-brown ple
purple-brown brown
wisteria wis
wisteria te
wisteria ria
banana-yellow ba
banana-yellow nana
banana-yellow yel
banana-yellow low
lipstick-red lip
lipstick-red stick
lipstick-red red
water-blue wa
water-blue ter
water-blue blue
brown-grey brown
brown-grey grey
vibrant-purple vi
vibrant-purple brant
vibrant-purple pur
vibrant-purple ple
baby-green baby
baby-green green
barf-green barf
barf-green green
eggshell-blue eggshell
eggshell-blue blue
sandy-yellow sandy
sandy-yellow yel
sandy-yellow low
cool-green cool
cool-green green
pale pale
blue/grey blue/grey
hot-magenta hot
hot-magenta ma
hot-magenta genta
greyblue grey
greyblue blue
purpley pur
purpley p
purpley ley
baby-shit-green baby
baby-shit-green shit
baby-shit-green green
brownish-pink brown
brownish-pink ish
brownish-pink pink
dark-aquamarine dark
dark-aquamarine aqua
dark-aquamarine ma
dark-aquamarine rine
diarrhea di
diarrhea ar
diarrhea rhea
light-mustard light
light-mustard mus
light-mustard tard
pale-sky-blue pale
pale-sky-blue sky
pale-sky-blue blue
turtle-green tur
turtle-green tle
turtle-green green
bright-olive bright
bright-olive olive
dark-grey-blue dark
dark-grey-blue grey
dark-grey-blue blue
greeny-brown greeny
greeny-brown brown
lemon-green lemon
lemon-green green
light-periwinkle light
light-periwinkle peri
light-periwinkle win
light-periwinkle kle
seaweed-green sea
seaweed-green weed
seaweed-green green
sunshine-yellow sun
sunshine-yellow shine
sunshine-yellow yel
sunshine-yellow low
ugly-purple ugly
ugly-purple pur
ugly-purple ple
medium-pink medium
medium-pink pink
puke-brown puke
puke-brown brown
very-light-pink very
very-light-pink light
very-light-pink pink
viridian virid
viridian ian
bile bile
faded-yellow faded
faded-yellow yel
faded-yellow low
very-pale-green very
very-pale-green pale
very-pale-green green
vibrant-green vi
vibrant-green brant
vibrant-green green
bright-lime bright
bright-lime lime
spearmint spearmint
light-aquamarine light
light-aquamarine aqua
light-aquamarine ma
light-aquamarine rine
light-sage light
light-sage sage
yellowgreen yel
yellowgreen low
yellowgreen green
baby-poo baby
baby-poo poo
dark-seafoam dark
dark-seafoam seafoam
deep-teal deep
deep-teal teal
heather heather
rust-orange rust
rust-orange or
rust-orange ange
dirty-blue dirty
dirty-blue blue
fern-green fern
fern-green green
bright-lilac bright
bright-lilac lilac
weird-green weird
weird-green green
peacock-blue pea
peacock-blue cock
peacock-blue blue
avocado-green av
avocado-green o
avocado-green cado
avocado-green green
faded-orange faded
faded-orange or
faded-orange ange
grape-purple grape
grape-purple pur
grape-purple ple
hot-green hot
hot-green green
lime-yellow lime
lime-yellow yel
lime-yellow low
mango mango
shamrock sham
shamrock rock
bubblegum bub
bubblegum blegum
purplish-brown pur
purplish-brown plish
purplish-brown brown
vomit-yellow vomit
vomit-yellow yel
vomit-yellow low
pale-cyan pale
pale-cyan cyan
key-lime key
key-lime lime
tomato-red tomato
tomato-red red
lightgreen light
lightgreen green
merlot mer
merlot lot
night-blue night
night-blue blue
purpleish-pink pur
purpleish-pink pleish
purpleish-pink pink
apple ap
apple ple
baby-poop-green baby
baby-poop-green poop
baby-poop-green green
green-apple green
green-apple ap
green-apple ple
heliotrope he
heliotrope liotrope
yellow/green yel
yellow/green low/green
almost-black al
almost-black most
almost-black black
cool-blue cool
cool-blue blue
leafy-green leafy
leafy-green green
mustard-brown mus
mustard-brown tard
mustard-brown brown
dusk dusk
dull-brown dull
dull-brown brown
frog-green frog
frog-green green
vivid-green vivid
vivid-green green
bright-light-green bright
bright-light-green light
bright-light-green green
fluro-green fluro
fluro-green green
kiwi kiwi
seaweed sea
seaweed weed
navy-green navy
navy-green green
ultramarine-blue ul
ultramarine-blue tra
ultramarine-blue ma
ultramarine-blue rine
ultramarine-blue blue
iris iris
pastel-orange pas
pastel-orange tel
pastel-orange or
pastel-orange ange
yellowish-orange yel
yellowish-orange low
yellowish-orange ish
yellowish-orange or
yellowish-orange ange
perrywinkle per
perrywinkle ry
perrywinkle win
perrywinkle kle
tealish teal
tealish ish
dark-plum dark
dark-plum plum
pear pear
pinkish-orange pink
pinkish-orange ish
pinkish-orange or
pinkish-orange ange
midnight-purple mid
midnight-purple night
midnight-purple pur
midnight-purple ple
light-urple light
light-urple ur
light-urple ple
dark-mint dark
dark-mint mint
greenish-tan green
greenish-tan ish
greenish-tan tan
light-burgundy light
light-burgundy bur
light-burgundy gundy
turquoise-blue turquoise
turquoise-blue blue
ugly-pink ugly
ugly-pink pink
sandy sandy
electric-pink elec
electric-pink tric
electric-pink pink
muted-purple muted
muted-purple pur
muted-purple ple
mid-green mid
mid-green green
greyish grey
greyish ish
neon-yellow neon
neon-yellow yel
neon-yellow low
banana ba
banana nana
carnation-pink car
carnation-pink na
carnation-pink tion
carnation-pink pink
tomato tomato
sea sea
muddy-brown muddy
muddy-brown brown
turquoise-green turquoise
turquoise-green green
buff buff
fawn fawn
muted-blue muted
muted-blue blue
pale-rose pale
pale-rose rose
dark-mint-green dark
dark-mint-green mint
dark-mint-green green
amethyst amethyst
blue/green blue/green
chestnut chest
chestnut nut
sick-green sick
sick-green green
pea pea
rusty-orange rusty
rusty-orange or
rusty-orange ange
stone stone
rose-red rose
rose-red red
pale-aqua pale
pale-aqua aqua
deep-orange deep
deep-orange or
deep-orange ange
earth earth
mossy-green mossy
mossy-green green
grassy-green grassy
grassy-green green
pale-lime-green pale
pale-lime-green lime
pale-lime-green green
light-grey-blue light
light-grey-blue grey
light-grey-blue blue
pale-grey pale
pale-grey grey
asparagus as
asparagus para
asparagus gus
blueberry blue
blueberry berry
purple-red pur
purple-red ple
purple-red red
pale-lime pale
pale-lime lime
greenish-teal green
greenish-teal ish
greenish-teal teal
caramel caramel
deep-magenta deep
deep-magenta ma
deep-magenta genta
light-peach light
light-peach peach
milk-chocolate milk
milk-chocolate choco
milk-chocolate late
ocher ocher
off-green off
off-green green
purply-pink pur
purply-pink ply
purply-pink pink
lightblue light
lightblue blue
dusky-blue dusky
dusky-blue blue
golden golden
light-beige light
light-beige beige
butter-yellow but
butter-yellow ter
butter-yellow yel
butter-yellow low
dusky-purple dusky
dusky-purple pur
dusky-purple ple
french-blue french
french-blue blue
ugly-yellow ugly
ugly-yellow yel
ugly-yellow low
greeny-yellow greeny
greeny-yellow yel
greeny-yellow low
orangish-red orangish
orangish-red red
shamrock-green sham
shamrock-green rock
shamrock-green green
orangish-brown orangish
orangish-brown brown
tree-green tree
tree-green green
deep-violet deep
deep-violet vi
deep-violet o
deep-violet let
gunmetal gun
gunmetal metal
blue/purple blue/pur
blue/purple ple
cherry cherry
sandy-brown sandy
sandy-brown brown
warm-grey warm
warm-grey grey
dark-indigo dark
dark-indigo in
dark-indigo digo
midnight mid
midnight night
bluey-green bluey
bluey-green green
grey-pink grey
grey-pink pink
soft-purple soft
soft-purple pur
soft-purple ple
blood blood
brown-red brown
brown-red red
medium-grey medium
medium-grey grey
berry berry
poo poo
purpley-pink pur
purpley-pink p
purpley-pink ley
purpley-pink pink
light-salmon light
light-salmon salmon
snot snot
easter-purple easter
easter-purple pur
easter-purple ple
light-yellow-green light
light-yellow-green yel
light-yellow-green low
light-yellow-green green
dark-navy-blue dark
dark-navy-blue navy
dark-navy-blue blue
drab drab
light-rose light
light-rose rose
rouge rouge
purplish-red pur
purplish-red plish
purplish-red red
slime-green slime
slime-green green
baby-poop baby
baby-poop poop
irish-green irish
irish-green green
pink/purple pink/pur
pink/purple ple
dark-navy dark
dark-navy navy
greeny-blue greeny
greeny-blue blue
light-plum light
light-plum plum
pinkish-grey pink
pinkish-grey ish
pinkish-grey grey
dirty-orange dirty
dirty-orange or
dirty-orange ange
rust-red rust
rust-red red
pale-lilac pale
pale-lilac lilac
orangey-red or
orangey-red angey
orangey-red red
primary-blue pri
primary-blue mary
primary-blue blue
kermit-green ker
kermit-green mit
kermit-green green
brownish-purple brown
brownish-purple ish
brownish-purple pur
brownish-purple ple
murky-green murky
murky-green green
wheat wheat
very-dark-purple very
very-dark-purple dark
very-dark-purple pur
very-dark-purple ple
bottle-green bot
bottle-green tle
bottle-green green
watermelon wa
watermelon ter
watermelon melon
deep-sky-blue deep
deep-sky-blue sky
deep-sky-blue blue
fire-engine-red fire
fire-engine-red en
fire-engine-red gine
fire-engine-red red
yellow-ochre yel
yellow-ochre low
yellow-ochre ochre
pumpkin-orange pump
pumpkin-orange kin
pumpkin-orange or
pumpkin-orange ange
pale-olive pale
pale-olive olive
light-lilac light
light-lilac lilac
lightish-green light
lightish-green ish
lightish-green green
carolina-blue car
carolina-blue olina
carolina-blue blue
mulberry mul
mulberry berry
shocking-pink shock
shocking-pink ing
shocking-pink pink
auburn auburn
bright-lime-green bright
bright-lime-green lime
bright-lime-green green
celadon celadon
pinkish-brown pink
pinkish-brown ish
pinkish-brown brown
poo-brown poo
poo-brown brown
bright-sky-blue bright
bright-sky-blue sky
bright-sky-blue blue
celery cel
celery ery
dirt-brown dirt
dirt-brown brown
strawberry straw
strawberry berry
dark-lime dark
dark-lime lime
copper cop
copper per
medium-brown medium
medium-brown brown
muted-green muted
muted-green green
robin-s-egg robin
robin-s-egg s
robin-s-egg egg
bright-aqua bright
bright-aqua aqua
bright-lavender bright
bright-lavender laven
bright-lavender der
ivory ivory
very-light-purple very
very-light-purple light
very-light-purple pur
very-light-purple ple
light-navy light
light-navy navy
pink-red pink
pink-red red
olive-brown olive
olive-brown brown
poop-brown poop
poop-brown brown
mustard-green mus
mustard-green tard
mustard-green green
ocean-green ocean
ocean-green green
very-dark-blue very
very-dark-blue dark
very-dark-blue blue
dusty-green dusty
dusty-green green
light-navy-blue light
light-navy-blue navy
light-navy-blue blue
minty-green minty
minty-green green
adobe adobe
barney bar
barney ney
jade-green jade
jade-green green
bright-light-blue bright
bright-light-blue light
bright-light-blue blue
light-lime light
light-lime lime
dark-khaki dark
dark-khaki khaki
orange-yellow or
orange-yellow ange
orange-yellow yel
orange-yellow low
ocre ocre
maize maize
faded-pink faded
faded-pink pink
british-racing-green british
british-racing-green rac
british-racing-green ing
british-racing-green green
sandstone sand
sandstone stone
mud-brown mud
mud-brown brown
light-sea-green light
light-sea-green sea
light-sea-green green
robin-egg-blue robin
robin-egg-blue egg
robin-egg-blue blue
aqua-marine aqua
aqua-marine ma
aqua-marine rine
dark-sea-green dark
dark-sea-green sea
dark-sea-green green
soft-pink soft
soft-pink pink
orangey-brown or
orangey-brown angey
orangey-brown brown
cherry-red cherry
cherry-red red
burnt-yellow burnt
burnt-yellow yel
burnt-yellow low
brownish-grey brown
brownish-grey ish
brownish-grey grey
camel camel
purplish-grey pur
purplish-grey plish
purplish-grey grey
marine ma
marine rine
greyish-pink grey
greyish-pink ish
greyish-pink pink
pale-turquoise pale
pale-turquoise turquoise
pastel-yellow pas
pastel-yellow tel
pastel-yellow yel
pastel-yellow low
bluey-purple bluey
bluey-purple pur
bluey-purple ple
canary-yellow ca
canary-yellow nary
canary-yellow yel
canary-yellow low
faded-red faded
faded-red red
sepia sepia
coffee cof
coffee fee
bright-magenta bright
bright-magenta ma
bright-magenta genta
mocha mocha
ecru ecru
purpleish pur
purpleish pleish
cranberry cran
cranberry berry
darkish-green dark
darkish-green ish
darkish-green green
brown-orange brown
brown-orange or
brown-orange ange
dusky-rose dusky
dusky-rose rose
melon melon
sickly-green sickly
sickly-green green
silver sil
silver ver
purply-blue pur
purply-blue ply
purply-blue blue
purpleish-blue pur
purpleish-blue pleish
purpleish-blue blue
hospital-green hos
hospital-green pi
hospital-green tal
hospital-green green
shit-brown shit
shit-brown brown
mid-blue mid
mid-blue blue
amber am
amber ber
easter-green easter
easter-green green
soft-blue soft
soft-blue blue
cerulean-blue cerulean
cerulean-blue blue
golden-brown golden
golden-brown brown
bright-turquoise bright
bright-turquoise turquoise
red-pink red
red-pink pink
red-purple red
red-purple pur
red-purple ple
greyish-brown grey
greyish-brown ish
greyish-brown brown
vermillion ver
vermillion mil
vermillion lion
russet rus
russet set
steel-grey steel
steel-grey grey
lighter-purple lighter
lighter-purple pur
lighter-purple ple
bright-violet bright
bright-violet vi
bright-violet o
bright-violet let
prussian-blue pruss
prussian-blue ian
prussian-blue blue
slate-green slate
slate-green green
dirty-pink dirty
dirty-pink pink
dark-blue-green dark
dark-blue-green blue
dark-blue-green green
pine pine
yellowy-green yel
yellowy-green lowy
yellowy-green green
dark-gold dark
dark-gold gold
bluish bluish
darkish-blue dark
darkish-blue ish
darkish-blue blue
dull-red dull
dull-red red
pinky-red pinky
pinky-red red
bronze bronze
pale-teal pale
pale-teal teal
military-green mil
military-green i
military-green tary
military-green green
barbie-pink bar
barbie-pink bie
barbie-pink pink
bubblegum-pink bub
bubblegum-pink blegum
bubblegum-pink pink
pea-soup-green pea
pea-soup-green soup
pea-soup-green green
dark-mustard dark
dark-mustard mus
dark-mustard tard
shit shit
medium-purple medium
medium-purple pur
medium-purple ple
very-dark-green very
very-dark-green dark
very-dark-green green
dirt dirt
dusky-pink dusky
dusky-pink pink
red-violet red
red-violet vi
red-violet o
red-violet let
lemon-yellow lemon
lemon-yellow yel
lemon-yellow low
pistachio pis
pistachio ta
pistachio chio
dull-yellow dull
dull-yellow yel
dull-yellow low
dark-lime-green dark
dark-lime-green lime
dark-lime-green green
denim-blue denim
denim-blue blue
teal-blue teal
teal-blue blue
lightish-blue light
lightish-blue ish
lightish-blue blue
purpley-blue pur
purpley-blue p
purpley-blue ley
purpley-blue blue
light-indigo light
light-indigo in
light-indigo digo
swamp-green swamp
swamp-green green
brown-green brown
brown-green green
dark-maroon dark
dark-maroon ma
dark-maroon roon
hot-purple hot
hot-purple pur
hot-purple ple
dark-forest-green dark
dark-forest-green for
dark-forest-green est
dark-forest-green green
faded-blue faded
faded-blue blue
drab-green drab
drab-green green
light-lime-green light
light-lime-green lime
light-lime-green green
snot-green snot
snot-green green
yellowish yel
yellowish low
yellowish ish
light-blue-green light
light-blue-green blue
light-blue-green green
bordeaux bor
bordeaux deaux
light-mauve light
light-mauve mauve
ocean ocean
marigold marigold
muddy-green muddy
muddy-green green
dull-orange dull
dull-orange or
dull-orange ange
steel steel
electric-purple elec
electric-purple tric
electric-purple pur
electric-purple ple
fluorescent-green flu
fluorescent-green o
fluorescent-green res
fluorescent-green cent
fluorescent-green green
yellowish-brown yel
yellowish-brown low
yellowish-brown ish
yellowish-brown brown
blush blush
soft-green soft
soft-green green
bright-orange bright
bright-orange or
bright-orange ange
lemon lemon
purple-grey pur
purple-grey ple
purple-grey grey
acid-green acid
acid-green green
pale-lavender pale
pale-lavender laven
pale-lavender der
violet-blue vi
violet-blue o
violet-blue let
violet-blue blue
light-forest-green light
light-forest-green for
light-forest-green est
light-forest-green green
burnt-red burnt
burnt-red red
khaki-green khaki
khaki-green green
cerise cerise
faded-purple faded
faded-purple pur
faded-purple ple
apricot apri
apricot cot
dark-olive-green dark
dark-olive-green olive
dark-olive-green green
grey-brown grey
grey-brown brown
green-grey green
green-grey grey
true-blue true
true-blue blue
pale-violet pale
pale-violet vi
pale-violet o
pale-violet let
periwinkle-blue peri
periwinkle-blue win
periwinkle-blue kle
periwinkle-blue blue
light-sky-blue light
light-sky-blue sky
light-sky-blue blue
blurple blur
blurple ple
green-brown green
green-brown brown
bluegreen blue
bluegreen green
bright-teal bright
bright-teal teal
brownish-yellow brown
brownish-yellow ish
brownish-yellow yel
brownish-yellow low
pea-soup pea
pea-soup soup
forest for
forest est
barney-purple bar
barney-purple ney
barney-purple pur
barney-purple ple
ultramarine ul
ultramarine tra
ultramarine ma
ultramarine rine
purplish pur
purplish plish
puke-yellow puke
puke-yellow yel
puke-yellow low
bluish-grey bluish
bluish-grey grey
dark-periwinkle dark
dark-periwinkle peri
dark-periwinkle win
dark-periwinkle kle
dark-lilac dark
dark-lilac lilac
reddish red
reddish dish
light-maroon light
light-maroon ma
light-maroon roon
dusty-purple dusty
dusty-purple pur
dusty-purple ple
terra-cotta terra
terra-cotta cotta
avocado av
avocado o
avocado cado
marine-blue ma
marine-blue rine
marine-blue blue
teal-green teal
teal-green green
slate-grey slate
slate-grey grey
lighter-green lighter
lighter-green green
electric-green elec
electric-green tric
electric-green green
dusty-blue dusty
dusty-blue blue
golden-yellow golden
golden-yellow yel
golden-yellow low
bright-yellow bright
bright-yellow yel
bright-yellow low
light-lavender light
light-lavender laven
light-lavender der
umber um
umber ber
poop poop
dark-peach dark
dark-peach peach
jungle-green jun
jungle-green gle
jungle-green green
eggshell eggshell
denim denim
yellow-brown yel
yellow-brown low
yellow-brown brown
dull-purple dull
dull-purple pur
dull-purple ple
chocolate-brown choco
chocolate-brown late
chocolate-brown brown
wine-red wine
wine-red red
neon-blue neon
neon-blue blue
dirty-green dirty
dirty-green green
light-tan light
light-tan tan
ice-blue ice
ice-blue blue
cadet-blue cadet
cadet-blue blue
dark-mauve dark
dark-mauve mauve
very-light-blue very
very-light-blue light
very-light-blue blue
grey-purple grey
grey-purple pur
grey-purple ple
pastel-pink pas
pastel-pink tel
pastel-pink pink
very-light-green very
very-light-green light
very-light-green green
dark-sky-blue dark
dark-sky-blue sky
dark-sky-blue blue
evergreen ever
evergreen green
dull-pink dull
dull-pink pink
aubergine aubergine
mahogany ma
mahogany hogany
reddish-orange red
reddish-orange dish
reddish-orange or
reddish-orange ange
deep-green deep
deep-green green
vomit-green vomit
vomit-green green
purple-pink pur
purple-pink ple
purple-pink pink
dusty-pink dusty
dusty-pink pink
faded-green faded
faded-green green
camo-green camo
camo-green green
pinky-purple pinky
pinky-purple pur
pinky-purple ple
pink-purple pink
pink-purple pur
pink-purple ple
brownish-red brown
brownish-red ish
brownish-red red
dark-rose dark
dark-rose rose
mud mud
brownish brown
brownish ish
emerald-green emer
emerald-green ald
emerald-green green
pale-brown pale
pale-brown brown
dull-blue dull
dull-blue blue
burnt-umber burnt
burnt-umber um
burnt-umber ber
medium-green medium
medium-green green
clay clay
light-aqua light
light-aqua aqua
light-olive-green light
light-olive-green olive
light-olive-green green
brownish-orange brown
brownish-orange ish
brownish-orange or
brownish-orange ange
dark-aqua dark
dark-aqua aqua
purplish-pink pur
purplish-pink plish
purplish-pink pink
dark-salmon dark
dark-salmon salmon
greenish-grey green
greenish-grey ish
greenish-grey grey
jade jade
ugly-green ugly
ugly-green green
dark-beige dark
dark-beige beige
emerald emer
emerald ald
pale-red pale
pale-red red
light-magenta light
light-magenta ma
light-magenta genta
sky sky
light-cyan light
light-cyan cyan
yellow-orange yel
yellow-orange low
yellow-orange or
yellow-orange ange
reddish-purple red
reddish-purple dish
reddish-purple pur
reddish-purple ple
reddish-pink red
reddish-pink dish
reddish-pink pink
orchid or
orchid chid
dirty-yellow dirty
dirty-yellow yel
dirty-yellow low
orange-red or
orange-red ange
orange-red red
deep-red deep
deep-red red
orange-brown or
orange-brown ange
orange-brown brown
cobalt-blue cobalt
cobalt-blue blue
neon-pink neon
neon-pink pink
rose-pink rose
rose-pink pink
greyish-purple grey
greyish-purple ish
greyish-purple pur
greyish-purple ple
raspberry rasp
raspberry berry
aqua-green aqua
aqua-green green
salmon-pink salmon
salmon-pink pink
tangerine tan
tangerine ger
tangerine ine
brownish-green brown
brownish-green ish
brownish-green green
red-brown red
red-brown brown
greenish-brown green
greenish-brown ish
greenish-brown brown
pumpkin pump
pumpkin kin
pine-green pine
pine-green green
charcoal char
charcoal coal
baby-pink baby
baby-pink pink
cornflower corn
cornflower flower
blue-violet blue
blue-violet vi
blue-violet o
blue-violet let
chocolate choco
chocolate late
greyish-green grey
greyish-green ish
greyish-green green
scarlet scar
scarlet let
green-yellow green
green-yellow yel
green-yellow low
dark-olive dark
dark-olive olive
sienna si
sienna enna
pastel-purple pas
pastel-purple tel
pastel-purple pur
pastel-purple ple
terracotta ter
terracotta ra
terracotta cotta
aqua-blue aqua
aqua-blue blue
sage-green sage
sage-green green
blood-red blood
blood-red red
deep-pink deep
deep-pink pink
grass grass
moss moss
pastel-blue pas
pastel-blue tel
pastel-blue blue
bluish-green bluish
bluish-green green
green-blue green
green-blue blue
dark-tan dark
dark-tan tan
greenish-blue green
greenish-blue ish
greenish-blue blue
pale-orange pale
pale-orange or
pale-orange ange
vomit vomit
forrest-green for
forrest-green rest
forrest-green green
dark-lavender dark
dark-lavender laven
dark-lavender der
dark-violet dark
dark-violet vi
dark-violet o
dark-violet let
purple-blue pur
purple-blue ple
purple-blue blue
dark-cyan dark
dark-cyan cyan
olive-drab olive
olive-drab drab
pinkish pink
pinkish ish
cobalt cobalt
neon-purple neon
neon-purple pur
neon-purple ple
light-turquoise light
light-turquoise turquoise
apple-green ap
apple-green ple
apple-green green
dull-green dull
dull-green green
wine wine
powder-blue pow
powder-blue der
powder-blue blue
off-white off
off-white white
electric-blue elec
electric-blue tric
electric-blue blue
dark-turquoise dark
dark-turquoise turquoise
blue-purple blue
blue-purple pur
blue-purple ple
azure azure
bright-red bright
bright-red red
pinkish-red pink
pinkish-red ish
pinkish-red red
cornflower-blue corn
cornflower-blue flower
cornflower-blue blue
light-olive light
light-olive olive
grape grape
greyish-blue grey
greyish-blue ish
greyish-blue blue
purplish-blue pur
purplish-blue plish
purplish-blue blue
yellowish-green yel
yellowish-green low
yellowish-green ish
yellowish-green green
greenish-yellow green
greenish-yellow ish
greenish-yellow yel
greenish-yellow low
medium-blue medium
medium-blue blue
dusty-rose dusty
dusty-rose rose
light-violet light
light-violet vi
light-violet o
light-violet let
midnight-blue mid
midnight-blue night
midnight-blue blue
bluish-purple bluish
bluish-purple pur
bluish-purple ple
red-orange red
red-orange or
red-orange ange
dark-magenta dark
dark-magenta ma
dark-magenta genta
greenish green
greenish ish
ocean-blue ocean
ocean-blue blue
coral coral
cream cream
reddish-brown red
reddish-brown dish
reddish-brown brown
burnt-sienna burnt
burnt-sienna si
burnt-sienna enna
brick brick
sage sage
grey-green grey
grey-green green
white white
robin-s-egg-blue robin
robin-s-egg-blue s
robin-s-egg-blue egg
robin-s-egg-blue blue
moss-green moss
moss-green green
steel-blue steel
steel-blue blue
eggplant egg
eggplant plant
light-yellow light
light-yellow yel
light-yellow low
leaf-green leaf
leaf-green green
light-grey light
light-grey grey
puke puke
pinkish-purple pink
pinkish-purple ish
pinkish-purple pur
pinkish-purple ple
sea-blue sea
sea-blue blue
pale-purple pale
pale-purple pur
pale-purple ple
slate-blue slate
slate-blue blue
blue-grey blue
blue-grey grey
hunter-green hunter
hunter-green green
fuchsia fuch
fuchsia sia
crimson crim
crimson son
pale-yellow pale
pale-yellow yel
pale-yellow low
ochre ochre
mustard-yellow mus
mustard-yellow tard
mustard-yellow yel
mustard-yellow low
light-red light
light-red red
cerulean cerulean
pale-pink pale
pale-pink pink
deep-blue deep
deep-blue blue
rust rust
light-teal light
light-teal teal
slate slate
goldenrod gold
goldenrod en
goldenrod rod
dark-yellow dark
dark-yellow yel
dark-yellow low
dark-grey dark
dark-grey grey
army-green army
army-green green
grey-blue grey
grey-blue blue
seafoam seafoam
puce puce
spring-green spring
spring-green green
dark-orange dark
dark-orange or
dark-orange ange
sand sand
pastel-green pas
pastel-green tel
pastel-green green
mint mint
light-orange light
light-orange or
light-orange ange
bright-pink bright
bright-pink pink
chartreuse char
chartreuse treuse
deep-purple deep
deep-purple pur
deep-purple ple
dark-brown dark
dark-brown brown
taupe taupe
pea-green pea
pea-green green
puke-green puke
puke-green green
kelly-green kelly
kelly-green green
seafoam-green seafoam
seafoam-green green
blue-green blue
blue-green green
khaki khaki
burgundy bur
burgundy gundy
dark-teal dark
dark-teal teal
brick-red brick
brick-red red
royal-purple royal
royal-purple pur
royal-purple ple
plum plum
mint-green mint
mint-green green
gold gold
baby-blue baby
baby-blue blue
yellow-green yel
yellow-green low
yellow-green green
bright-purple bright
bright-purple pur
bright-purple ple
dark-red dark
dark-red red
pale-blue pale
pale-blue blue
grass-green grass
grass-green green
navy navy
aquamarine aqua
aquamarine ma
aquamarine rine
burnt-orange burnt
burnt-orange or
burnt-orange ange
neon-green neon
neon-green green
bright-blue bright
bright-blue blue
rose rose
light-pink light
light-pink pink
mustard mus
mustard tard
indigo in
indigo digo
lime lime
sea-green sea
sea-green green
periwinkle peri
periwinkle win
periwinkle kle
dark-pink dark
dark-pink pink
olive-green olive
olive-green green
peach peach
pale-green pale
pale-green green
light-brown light
light-brown brown
hot-pink hot
hot-pink pink
black black
lilac lilac
navy-blue navy
navy-blue blue
royal-blue royal
royal-blue blue
beige beige
salmon salmon
olive olive
maroon ma
maroon roon
bright-green bright
bright-green green
dark-purple dark
dark-purple pur
dark-purple ple
mauve mauve
forest-green for
forest-green est
forest-green green
aqua aqua
cyan cyan
tan tan
dark-blue dark
dark-blue blue
lavender laven
lavender der
turquoise turquoise
dark-green dark
dark-green green
violet vi
violet o
violet let
light-purple light
light-purple pur
light-purple ple
lime-green lime
lime-green green
grey grey
sky-blue sky
sky-blue blue
yellow yel
yellow low
magenta ma
magenta genta
light-green light
light-green green
orange or
orange ange
teal teal
light-blue light
light-blue blue
red red
brown brown
pink pink
blue blue
green green
purple pur
purple ple
